number,question_title,answer_url,author_name,fans_count,created_time,updated_time,comment_count,voteup_count,content
220800001,护士在工作中要承受哪些方面的压力？,https://www.zhihu.com/question/502125783/answer/2248993635,3lok,17,2021/11/30 0:17,2021/11/30 0:17,0,0,工作压力大（夜班较多，加班常态化），学习压力大（几乎每个季度都要考试），社会地位低，医护矛盾，护患矛盾有时候较为繁琐
220800002,医生在现实生活中的收入有多高？,https://www.zhihu.com/question/354831599/answer/1221165179,匿名用户,0,2020/5/14 1:55,2021/3/7 21:35,296,565,"有些外行人就喜欢主观臆断，自己觉得怎样怎样。中国这么大 医院这么多。同样是三甲收入差别也大着呢。总的来说就是1.效益好的医院待遇不一定好2.效益差的医院待遇一定差3.大医院不一定比小医院有钱4.同一家医院不同科室收入差距可能翻倍5.边远省份的头部医院，甚至比内地发达城市的医院有钱的多。先解释第一句效益好医院一定就有钱，但医院有钱是一回事，给不给你发就是另一回事了。不要觉得医院够大，够气派，你进去就吃香的喝辣的。最典型的例子就是北大的附属医院和吉大的附属医院。北大几家附属医院的水平不知道高吉大附院几个档次，营收也不知高了多少。但北大系统的医院是出了名的抠，吉大附院是有名的慷慨。北医三院 （北大最好的医院）博士学历，工作几年的主治，大内科收入也就1万多。（你不要跟我说北医某某主任，某某院士家财万贯。那个级别的大佬去哪都是高收入 这里只讨论普通人）吉大附一院的临床科室连公认的穷科——儿科，主治月入都能到2万左右。第二句不用解释吧？解释第三句北京81家三甲医院，并不是个个都跟协和似的一号难求，好多医院其实都没什么病人。这些医院要说水平不知高县医院多少档次（你别看这些没什么人的三甲，穷的奖金都要发不出了，人家招聘依旧要名校博士）但一个县医院如果能垄断全县的病人，收入可比北京这些没什么人的三甲医院有钱的多。江苏好多县医院 比如昆山医院 收入比南京好多大三甲都滋润。在北京你如果愿意去乡下卫生所，我们怀柔区光进山补贴一个月就5000，一个月绩效，奖金加补助，刚入职到手就有1万五。昌平，顺义财政实力雄厚，据说补的钱更多。北京市中心好多三甲，效益差的科室，都拿不到这么多钱。再举个例子。重庆第一人民医院在重庆屁都不是。前十都排不进去。但人家皮肤科一个月奖金就7万。比重庆最好的西南医院，重医一附都爽。小道消息，该院皮肤科主任现在还不是博导，但马上是西南医科大学的博导了。考他的博，大概率能留下。解释第四句拿吉大一院举例子 妇产科主治收入大概在3-4万。妇产科在全国大多数医院都属于收入比上不足比下有余的科室。一般可以看成三甲医院的中流收入水平。好的科室 骨科 心内等4到6万穷的科室儿科 风湿科一两万同一家医院同样博士学历 同样级别 不同科室的医生收入差距也是巨大。解释第五句你看那些边远省份的地头蛇医院，别看他水平上啥也不是吧。但人家就是有钱，比如新疆自治区人民医院，贵州省人民医院，云南省第一人民医院，兰大二院，甘肃省人民。归其原因一个是，人家虽然全国排行，榜上无名。但毕竟是本省地头蛇，有的是病人，不缺排队送钱的。另一个就是偏远省份普遍医保不好，报销种类少，保险比例也低。病人自费多。病人自费多医生赚的就多。还有一个就是中国的公立医院是没有定价权的，各地政府主管部门负责定价。你不要想当然的以为发达地区就会定高价。你来北京看看，大部分医疗项目收费标准比四川都低。沿海各省收费最低的就是浙江，这也造成浙江医生是真的穷。学医的你如果家不是浙江的，又没有强烈的去浙江发展的欲望。那趁早转移目标。江浙沪地区建议去苏南，尤其是苏州。不去江浙沪的话，沿海最推荐去广东，广州，深圳，佛山，东莞这四个城市待遇最好。………………………………………………番外 劝大家不要在大城市疯狂内卷我遇见过一个广西医科大学的博士。雄赳赳气昂昂的想要来北京找工作。我跟他说你双外毕业生（非北京本地学校毕业，非北京户口）很难在北京找工作。他不信，说""中国博士还是稀有的，不可能找不到。""广西具体是什么情况我不太清楚，可能在广西确实博士毕业就很抢手吧。我也知道中国14亿人口，博士在总人口面前是凤毛麟角。但北京真的不缺博士。北京产博大户 ——首都医科大学每年毕业300多临床博士。北大，协和，清华，首都医科大，北京中医药大学，解放军军事医学院（解放军总医院）。每年加到一起起码能毕业600+博士。再加上外地名校博士，欧美日本洋博士来京的起码得有1000多临床博士一起找工作。北京的好医院，每年可招不了这么多人，水平一般又非要留京就只能人才下沉。博士去社区医院，校医院，去二甲（在北京还真有）收入真的不高。我经常做水光针的那个大兴人民医院，就是以前的大兴县医院。我一直约的那个医生就是华西的硕士。我总在想，他如果留在云贵川，起码也得进个市级头部三甲吧？运气好点省三甲也是有可能的。在北京郊县县医院可真是屈才了。北京81家三甲医院，人口就这么多，病人就这么多，好多三甲自己都没吃饱，二甲更是穷的揭不开锅。我妈在北京一个郊区二甲中医院，副高职称上个月科室奖金就200。但是偏远省份，是真的缺博士。就说云南，你看看那几个省内顶尖医院的官网介绍，以及每年录用人员公示名单。你就会发现博士并不多，还是以硕士为主的。相对来说如果你不是内卷之王。只是水平一般，有那么三四篇sci，没什么过硬的人脉。你博士毕业在北京上海大概率只能去收入很差的末流三甲，去边远省份却很大概率进收入很高的省级地头蛇三甲。"
220800003,医生在现实生活中的收入有多高？,https://www.zhihu.com/question/354831599/answer/889655989,北海盗僧,370,2019/11/11 8:46,2019/11/11 8:46,358,868,我是一家地级市三甲医院的内科医生，中级职称，我一个月收入我也数不清。这么说吧，我有五张卡，一个折。折里面每个月进账3W左右。另外五张卡里面，最少的那张每个月进账大约20W，最多的那张每个月进账大约150W。这都是我辛辛苦苦勤勤恳恳管患者赚的红包钱和药品回扣。以上这些是有一个投诉我的患者写的。。。我要是真有这么多收入，我宁可被投诉。实际情况是工资3600+，奖金1000-2000。其他的，只要有，就是刑事犯罪，所以我还犯不上。这么点钱，我何必管那些病重事多的患者。对了，那个投诉我的患者，是因为我说医保有不保险的药物，他认为我在为难他，于是。。。
220800004,医生在现实生活中的收入有多高？,https://www.zhihu.com/question/354831599/answer/2406541710,啊利,47,2022/3/25 13:12,2022/3/25 13:12,48,147,"东南沿海四线城市，二甲医院，神经外科主治医师，月收入4万。别问我收入组成是什么，我不知道，我月收入4万，也是别人告诉我的。市人民医院有个朋友有一次打电话给我说，说我是不是一个月有4万多，我说没有，他说我不用骗他，他们科室昨天和我医院领导吃饭，说的，说我每个月至少这个数，也就是说我还有年薪百万的潜力，艹他的鸡八毛领导，你特么装逼就不要带上我，我不够的那部分是不是你补上去，装逼有份吃饭不带我一份。去年我因为工资低辞职，那个财务科主任说我前年平均一万三一个月，由于我平时大手大脚，没存钱概念，银行卡也没有手机短信业务，我当时甚至有一点点内疚。今年下载了个人所得税APP,前年总收入9万8，艹，医院给我存了这么多，欠我的那些是微信还是打进银行卡。"
220800005,医生在现实生活中的收入有多高？,https://www.zhihu.com/question/354831599/answer/1901731980,匿名用户,0,2021/5/23 18:32,2021/5/23 18:32,377,123,目前工作5年了，年纪也差不多30了。专业是家里学医的亲戚帮我挑的，口腔。医院是某本地排名第二的专科医院，老板建议我去的，工作不算很忙，福利都给。规培在自家，没出去，机会是主任争取的。一路上，我觉得我还算幸运了。这些年我们院只收四证合一，并且名校的学生了。去年，2020年，我的收入多少？喏，前段时间统计个税：能挣多少钱，你自己算好吗？去年因为2、3两个月都没开工，后面受疫情影响，收入确实比平常低，但平时一年下来也就不到15万。最简单道理，我一年工作量就100万出点头，扣掉材料成本什么，发下来不到20万，到手不就只有这么点吗？别跟我说什么将来会变多，前些年确实比这少，但未来，我就这么多了，这辈子就这么多了。科里高年资的医生，病人会比我多一点，比我富一点，但是除了个别能捞钱的，其他人也比我多不了多少。收费是固定的，人的时间是有上限的，体力是有限的，你说能赚多少？不吃不喝，一年攒一个厕所。房租两千逃不掉，单位食堂吃一顿，外卖一顿，早餐2个包子1个鸡蛋，一天伙食费50，一个月1500。其他各项开支加起来，一个月几百。不出门，不聚餐，不看电影，不谈恋爱，周末就刷刷手机在家，连衣服都不买，穿工作服，带裤子的。没有爱好，因为不配。偶尔玩玩游戏充几十块，打发时间。目前的存款，买个厕所有余，买个卧室还不够。朋友问我为什么不买车，我说白送都不要，一辆车一年起码一万，我要攒多久的钱才够首付？我16年毕业的时候，高中同学普遍没读研，不管是考公务员的，还是在企业的，当老师的，家里凑一点就已经上车了。16年开始，眼看着房价飞涨，我在规培，科里发基本奖。现在我干到30岁了，还是连个房子都没有。为什么说医生的收入高？知乎天天说土木不好，我同学搞土木的，在一个我听都没听过的房地产公司（据说挺有名气的还是上市公司），15年初就工作了，现在两套房，两个娃，奔驰车。当时我第一志愿就是土木，而且学校比他好，听了家里人的劝才改学医的。你说我后悔不后悔。
220800006,医生在现实生活中的收入有多高？,https://www.zhihu.com/question/354831599/answer/1999569783,酸菜,995215,2021/7/15 13:47,2021/7/15 13:47,2,55,不管什么行业，只有顶层的一小部分人真正算的上高收入，而至于这个行业的其他人，也只能说混口饭吃吧！在医学中有句话叫：医生不如伙夫，供求关系决定了内卷程度。“刚才看到有人4000块一个月招农民工。”“神经病吧，现在4000块哪招的到农民工，只能招到大学生！”上面这个段子之前可能是笑话，但随着中国教育情况的改变，可能正慢慢的变成现实。年年都是最难毕业季，大学生供大于求，找不到心仪的工作，也让很多人产生了继续求学的想法，考研、考博。然后发现，很多人都是这么想的。。。。。。今年硕士扩招了近19万，中国博士数量也已经是世界第一。硕士、博士也开始供大于求，本来本科生就能胜任的职位，现在都开始要求硕博了。这就是典型的内卷！许多博士理想的工作就是在高校谋得一份稳定的教职，进行科研与教学。但现在高校基本都实行了“非升即走”的制度，只和博士签3年合同，并且有明确的SCI和基金要求。3年后，博士达不到就要走人，根本算不上稳定。Science的一篇文章则对美国39个研究机构的博士生的职业规划进行了调查。在调查结果中，发现生物学博士的职业计划与其他学科有较为显著的不同，74%的生物博士选择继续从事博士后工作，而其他领域的博士仅为46%。同时，希望从事博后工作的学生，更倾向于进入学校系统谋取教职，而没有博后计划的学生，则更希望进入企业从事研发工作。内卷成性，性价比低，博士逃离科研圈早已不是什么新鲜事，在美国和欧洲也都有类似现象。从个人角度分析，这本就是每个人自己的选择，也无可厚非。而随着这些年全球各国家进行博士扩招，毕业生博士数量快速增长，而全球经济发展科研岗位需求数量却在下降，在科研领域里求职已要面临了更多的困难。在市场调节的作用下，学术界似乎并没有蓬勃发展，博士生的薪酬达不到预期期望。因此，在面临着巨大现实的压力（如照顾家庭等）下，博士不得不另谋出路。这时候就看出还是我国清北水平高，既然高校都不稳了，那就降维打击。2018年，杭州市余杭区各街道办的一份招聘公示，报名的清一色是清北硕博。当时看到这条新闻的大众们都觉得，是社区高攀了。但随后仔细一想，高校能提供旱涝保收的35万+的年薪、8~6万的安家费、10~20万的购房补助吗？为了留校，发SCI、申基金和其他博士竞争，比在街道要多耗多少头发？现在的就业市场本就是多元选择、双向选择并存的。职业和专业之间已不再是强绑定，学历越高就意味着学习能力更强、更自律也更有潜力，就业选择面就越广，自然也可以向下兼容，用自己的学历优势去卷本科生。那么如果想要转行，又该何去何从呢？一般建议要转行的科研者们需慎重考虑下自身的性格特点，毕竟隔行如隔山，一个新的行业就是一个新的领域，需要科研者们从零开始学习并且需花费大量的时间和精力，才能在新的领域占有一席之地。比如对从事科研的博士而言，其思维模式大抵如下：查看文献了解最新进展与热点→做预实验判断结果趋势→申请课题配备相应设备与耗材→漫长的重复实验→整理实验结果→补实验自圆其说→撰写文章投稿→修稿并补实验→文章正式发表→撰写论文与报告→结题/继续深入研究。这种典型的思路，相对比较简单，容易造成人思路的僵化。博士生的生活，大部分时候像苦行僧，孤独且寂寞，时间投入很多，有许多隐性的辛苦。但这样的生活不需要太多的奔波，不需要太多的差旅。此外，做研究往往就是那么一个很小的圈子，没到导师级别的研究者往往在圈子的边缘或者索性跟圈子不沾边。因此研究者与人打交道的时候，因此研究者与人打交道的时候往往只是单纯的交流而已。那么，如果科研界转行者想要从商，首先就要打破自己的思维框。因为顾客/客户的需求随着时间和环境的变化而变化，如何提前嗅到这一点，往往更像是一种艺术。再者，从事商业活动时，会有大量的应酬、培训，大量的出差。科研者需要训练自己的沟通技巧，让利益相关者的需求被满足，才能促成为了生意的完成。然而，科研者的优势也是非常明显的：严谨的思路，逻辑的结构；对数字的敏感性，寻找事实作为判断依据；与客户相当甚至超越客户的学术水平。那么这几点优势对我们转行有什么帮助呢？以目前医疗/医疗服务行业为例，对一个想从事职业经理人的科研者而言，必须慢慢对企业进行全盘的了解、领会、预测。当然，企业的运行也是有一定规律的。此时，科研工作者的科研思路就成为了一种优势，如何把握市场趋势，并适时适当的推出满足市场需求的产品，大局观自然而然展现出了独到之处。这种大局观在很多经历中都可以形成，幸运的是，一个独立承担过科研课题的科研者，恰恰会得到这方面的培养。Nature杂志曾经也对科学训练在科研者转行中所起的作用进行了调查，并择其中三个代表性人物进行了介绍，一个是有机化学博士成为成功的金融家，一个是物理学博士成为网站老板，另一个是生理学博士成为家庭主男。这三位人士之所以能在其他领域获得成功，也是受惠于科研过程对其逻辑创新思维的训练。对于医学生考研考博，为的就是能有块进大医院的敲门砖。但在最近黑龙江中医药大学附属某医院的招聘通知中出现了一个奇葩的现象。此次招聘医院计划招聘内科病房医生和综合外科病房医生各一名，要求学历在硕士及以上，须有执业医师资格、规培证，工资待遇为1700元。与之形成对比的是，该招聘通知中同时招聘两名食堂员工，但食堂工作人员专业和学历不限，需有健康证，工资待遇为2000元。这是一家三甲医院，医生月薪却只有1700元，虽然说1700元月工资可能只是基础工资。一般情况下，除基础工资外，医生还会有绩效工资以及各类补贴等收入。但一个医学硕士的明面工资还不如食堂工作人员，是不是也一定程度上反映了供求关系？对于大城市的医院来说，硕博削尖了脑袋都要进，是绝对数量上的供大于求，因此待遇下降，符合市场规律。但对于一些基层医院，绝大多数硕博都看不上眼，供小于求，硕博的身份就很吃香了。这也就是最近兴起的“临床躺学”。远离竞争激烈的一线强三甲，放弃成为“人上人”，直接回小城市的基层医院“躺平”。这里说明下，中国医院的奇特之处，就是医院等级越高，但是基层医生收入却不一定高。大医院最吸引人的是平台，以及成为副主任之后的收益。大医院科研压力大，竞争激烈，收入可能高于基层医院，但加班多，时薪算下来可能更低，且大城市生活成本更高，妥妥的Hard模式。以前进大医院是用现在的生活来换取未来的高收益，但随着临床医疗改革的推进和“以药养医”时代的落幕，大医院医生的收入下降的比小医院更多。年轻医护群体像在房价高企时代上车的刚需族，说难听点就是妥妥的韭菜。而在小医院，由于硕博少，在最大程度上避免了恶性竞争，有假有闲病人情况较轻，过年关病房，夜里少急诊。对于非精英医生来说（大部分医生），不失为一种性价比更高的选择。说到底，大部分人读硕读博都是为了去卷别人，而不被别人卷了。
220800007,医生在现实生活中的收入有多高？,https://www.zhihu.com/question/354831599/answer/2006420796,哲野,148,2021/7/19 7:58,2021/7/19 7:58,4,14,好多人说，年轻医生没钱正常，熬到高年资医生收入就上来了。大家都知道，明面收入，高年资和低年资医生收入差距不大的。是不是默认熬到高年资医生可以狠狠捞钱了？是不是默认熬到高年资医生可以狠狠捞钱了？是不是默认熬到高年资医生可以狠狠捞钱了？好多年轻医生吃苦受累，坚持熬的信念是不是也是这个？悲哀呀
220800008,医生在现实生活中的收入有多高？,https://www.zhihu.com/question/354831599/answer/1937708726,匿名用户,0,2021/6/13 10:47,2021/9/25 22:59,224,96,浙江某地级市三甲中医院，我中医硕士工作第一年，基本工资2000冒头，至于奖金，少的时候1500，多的时候两千多，每个月平均到手4000+，年终奖4w左右，季度奖总共2w左右。我们科除了科主任没人需要交个税，因为不到起征点.......至于其他人说的灰色收入，不好意思，问就是没有。第一，没人给你送，第二，送了你也不敢收，浙江廉政查的很严，如果不小心在不知情的情况下“被”收了，还要自己存到廉政账户里去……第三，如果想赚大钱，谁会当医生？公积金2000+，然而当地房价20000+，但凡需要买房养娃养爸妈，这个收入都是远远不够的，所以同事要么就搞搞其他副业，要么就找个赚钱比自己多的对象，无解。如果不买房不结婚不养爸妈，那这个工资还是比较滋润的，一个人吃吃喝喝买买衣服，一年买一个1w左右的数码产品，攒几年买个20w以下的代步车还是够的。（当然，科室之间奖金差别很大，但挣得多意味着更忙，忙到没有双休，忙到一个夜班抢救四五个病人，忙到挣了钱没时间花，劳动量和奖金都是成正比的，酸不来）更新：我说月收入到手四千多怎么这么多人不信？？我也不想信可是事实就这么多哇！加上五险一金，这是今年的：评论区关了，我不知道在评论里抬杠的、骂人的、冷嘲热讽阴阳怪气的这群人，生活里是有多不堪或者多清闲？对我一个陌生人这么大恶意？我工作多少挣多少，都是我靠自己的努力过我的生活，我对我的现状满不满意，用不着您评头论足，也轮不到您来质疑我，管好你自己！
220800009,医生在现实生活中的收入有多高？,https://www.zhihu.com/question/354831599/answer/2029777295,飞飞,7670,2021/7/30 23:31,2021/7/30 23:31,12,4,笑死，本来在知乎上看大家工资对未来很迷茫，结果今天看到带教五月份的奖金条，只能说又开始对未来生活充满希望了。
220800010,医生在现实生活中的收入有多高？,https://www.zhihu.com/question/354831599/answer/918826624,草根抗癌,6020,2019/12/2 10:19,2022/5/9 18:57,10,47,医生收入太高了，除了工资，各种奖金也太高了，屠呦呦认识吗？据说去国外瑞士拿了个诺什么尔什么的奖，奖金都有一千万，一千万啊，看看见过一千万的人多？还是拿这个奖的人多？不说了，总之很赚钱，所以我都开健康管理咨询公司了，因为这样更好赚嘛，赚的都是几个合伙人分，虽然目前办公室还租在上海地铁一号线莘庄地铁站北广场附近的商住两用房里，但是钱好赚就行，以后办公室目标是甲级写字楼解放大厦，或者虹桥商务区。具体说说我们的业务，分析下钱怎么来的哈？我们主要是服务晚期肺癌和肝癌患者，因为两个合伙人之前主要是这两块哈，你想想，肺癌每年上百万，肝癌每年五六十万，而国内新特药上市慢，医生忙，服务差，沟通不到位，我们的习惯特别能为知识服务。而且很多肿瘤医生忙于坐诊和手术，发论文等，对基因检测，靶向治疗，靶向药的了解及认识都非常不足，所以我们咨询服务费很好收，一线二线用药是什么？基因检测怎么做？不同药副作用大小？副作用怎么处理？靶点强弱，入脑效果如何？控制率多少？生存期多久？一般没说完咨询费病人都抢着给了，只有个别咨询前都说咨询完给，咨询完说下次给，下次就下次再说吧。出国医疗中介服务也是，比如我们合作的印度富通纪念医院，最高有总统套房级别的病房，医生和护士都是专属的，保安也是单独的，下面普通病房更多，具体说百分之六十医生都有欧美执业资格证书，国内三甲医院的规模设备，但2018年只服务了3000人，一半还都气外国患者，这么说大家都有概念了。我们可以收中介咨询服务费，翻译服务费，陪护费等等，总之非常赚钱。开工没有回头路，我们会继续，但别以为医生真的钱太容易了，天下没有好赚的钱！对了，需要购买经济实惠的肿瘤靶向药，乙肝丙肝抗病毒，降血糖曲格列汀等药物的可以联系我，国外药厂直邮，品质更有保障，比医保报销完还便宜。升血小板，乙肝丙肝抗病毒，肿瘤靶向药问诊购药服务京东¥100.00去购买
220800011,医生在现实生活中的收入有多高？,https://www.zhihu.com/question/354831599/answer/1216820672,匿名用户,0,2020/5/12 6:03,2020/6/7 22:41,13,53,收入高到你无法想象。医生里面有那么一小波人 这些人的高收入是基于两点，缺一不可。科室的病人相当多+基本不给下面的医生＝全科病人，药厂和器械厂带来的高额回报。病人红包，数量太少风险太大，他们看不上。这么一小波人，可以说打击了整个行业的医生收入。可以说我们国家的医保的钱有相当一部分进了这些人的腰包。可是正因为这一小波人都是各个医院的主任副主任，包含了各种医疗届顶尖医生。国家不想也没办法赶尽杀绝。只能从源头动手。那就是国家大批量采购药品和医疗器械。把价格压下来。把回扣的水份挤出来。现在仅仅是试点一部分药，在一部分城市，国家就省下了相当多的钱。这些钱以前可都是进了这一小波医生的腰包。大家可以自行搜索，体会一下这个高收入到底可以到什么程度。可这不妨碍剩下的医生觉得自己很穷。那一小波人一年一套房，而天天值夜班上台做手术的他们只有一个月一两万。一两万也许在很多人看来是高工资了。但是北上广和各大二线城市。这个劳动强度和劳动所得可是远远低于劳动价值除非你觉得命不值钱。国家现在把这部分钱节约下来以后，能不能提高一下普通医生的收入。
220800012,新冠疫情下医护人员又是支援打疫苗，又是采核酸等，在此情况下，是否提升了医护人员的价值？,https://www.zhihu.com/question/477855895/answer/2046670429,知乎用户uzZLeC,27359,2021/8/8 14:56,2021/8/8 14:56,0,34,领导，您这是要给涨工资了吗
220800013,新冠疫情下医护人员又是支援打疫苗，又是采核酸等，在此情况下，是否提升了医护人员的价值？,https://www.zhihu.com/question/477855895/answer/2045014914,周久,51,2021/8/7 17:05,2021/8/7 17:05,0,3,如果收入没涨，那么付出了更多的精力承担更多的工作量，从劳动力的角度来看简直就是贬值了。那么社会地位是否提高了？似乎也不。中国医患关系紧张的一大源头是医疗资源紧缺，新冠的存在加剧了这种局面，因此，医护人员的社会地位的提升也被对冲了。
220800014,新冠疫情下医护人员又是支援打疫苗，又是采核酸等，在此情况下，是否提升了医护人员的价值？,https://www.zhihu.com/question/477855895/answer/2047854396,树的大根,49,2021/8/9 5:06,2021/8/9 5:06,3,0,没想到风险？打疫苗还好，采核酸新闻没看吗？工作环境和强度比上班高多了，而且补贴不如上班，我们打疫苗补贴100一天，一季度一发，目前刚发上季度的，医院绩效是没有补贴的。采核酸高点，因为核酸公司有钱，好像是500一天，全套防护服没穿过的人体会不了什么叫提升价值？医务人员本身价值就摆在这，更多的是奉献和风险，难道采核酸产生的价值比救治病人就一定高了？现在为了保证疫苗和核酸，医院每个科室都出人，每个人头上的工作量都增大了
220800015,新冠疫情下医护人员又是支援打疫苗，又是采核酸等，在此情况下，是否提升了医护人员的价值？,https://www.zhihu.com/question/477855895/answer/2083975985,宇宙,569,2021/8/25 23:37,2021/8/25 23:37,0,1,疫情期间最忙的就是医护人员了，除了上好自己的班，还要轮流上疫苗班，核酸班，反正就知道群里左一个排班表，又一个排班表。本来人员就不多，遇到重叠的班，还要和同事私下协商调班。连班都上不过来，更何况休息呢，同事说，干脆把我们一个人劈成两半也不够。没感觉有任何变化，就是工作量加大了。在这些班中最难熬就是核酸班，从早上开始上班，就穿上隔离衣，一直到下班，单独待在一间房子里，不能出去。隔离衣看起来薄薄的一层，因为是密封的，穿在身上感觉像穿了厚厚的棉衣，戴着口罩和面频时间长了有时感觉气都透不过来。从核酸班排下来，我们就要提前做好准备，在那一天，不能吃太多，也不能喝水，因为不能出去走动，中午不敢回家。晚上下班时，要把自己和搭档医生也做一下核酸采集，同事们开玩笑说：核酸班就是要待在小黑屋。今天下午去上班时，听同事说：又给我们增加了新的任务，说镇府安排医生和护士给不方便出门的人，上门服务。真的想疫情早点结束，还人类一个健康的生态环境。
220800016,新冠疫情下医护人员又是支援打疫苗，又是采核酸等，在此情况下，是否提升了医护人员的价值？,https://www.zhihu.com/question/477855895/answer/2046845739,匿名用户,0,2021/8/8 16:31,2021/8/8 16:32,0,1,并没有提升，反而降低了。社会地位是否提升了不好说，而且说实话并不重要，毕竟你社会地位再高买房子也一样得花真金白银，不可能因为你是医护人员就白送你一套学区房。收入是实实在在降低的，工作量也是实实在在增多了的。疫情以前还在犹豫要不要离职民营医院赚快钱，毕竟有编制，还想着体制内多少有个旱涝保收。但疫情后见到的一切种种已经替我做出了决定。给老百姓看病永远是赚不到钱的，能赚到钱的路径只有给权贵看病或收割老百姓。现在不敢离职，毕竟执业医师法规定重大公共卫生事件期间不服从卫生行政部门调遣时最严重可吊销执业医师资格证。等这波疫情平息下去以后，我就立马跑路。
220800017,新冠疫情下医护人员又是支援打疫苗，又是采核酸等，在此情况下，是否提升了医护人员的价值？,https://www.zhihu.com/question/477855895/answer/2397548842,克莱因蓝,0,2022/3/19 23:10,2022/3/19 23:10,0,0,给钱啥都好说，光谈理想和抱负，不来点实际的，当护士都傻吗。心存大义的护士大有人在，但老娘不是。
220800018,新冠疫情下医护人员又是支援打疫苗，又是采核酸等，在此情况下，是否提升了医护人员的价值？,https://www.zhihu.com/question/477855895/answer/2074418966,菩提树下,2,2021/8/21 13:01,2021/8/21 13:01,0,0,不提高待遇，怎么叫提升了价值？
220800019,新冠疫情下医护人员又是支援打疫苗，又是采核酸等，在此情况下，是否提升了医护人员的价值？,https://www.zhihu.com/question/477855895/answer/2047096631,知乎用户XcYC8r,12,2021/8/8 18:52,2021/8/8 18:52,1,0,应该会有荣誉出钱得看……
220800020,新冠疫情下医护人员又是支援打疫苗，又是采核酸等，在此情况下，是否提升了医护人员的价值？,https://www.zhihu.com/question/477855895/answer/2045063357,南一一,10,2021/8/7 17:34,2021/8/7 17:34,0,0,身为医护，其实不关注这种问题。先说结论：提升了，但是和你没关系。你该怎么样还得怎么样，患者以前怎么对你现在还怎么对你。你不如换个问题思考一下疫情下的医患关系是否有所缓和？其本质是什么？疫情后医生，护士在社会结构中的位置是否有变化？没有！所以……毫无意义！我坚定完成社会与国家予以我的责任和任务。至于其他不用多考虑，还不到时候。社会还没发展到那个阶段。
220800021,新冠疫情下医护人员又是支援打疫苗，又是采核酸等，在此情况下，是否提升了医护人员的价值？,https://www.zhihu.com/question/477855895/answer/2044895275,girl笑疯,3,2021/8/7 15:59,2021/8/7 15:59,0,0,请不要讲笑话，谢谢！医护人员本身的价值就在那，排查预防，诊治护理，康复与宣教等。这不是提升了价值，只是让群众看到了价值而已。你的问题让我感到悲伤，因为这说明医护付出的多看到的价值少，在大疫情发生后才想起来医护人员的价值，还觉得有可能提升医护的价值。那么，疫情以前和之后，医护人员的价值就减少了吗？不是的，只是形式平稳后，群众对医护的需求变小了，不在乎你有多少价值。就像冬衣一样，到冬季是必需品，到春夏秋季就可有可无了，可它本身的价值从未变过。
220800022,纽约一急诊科主任自杀，因不忍频繁目睹感染患者过世，美国医护人员压力有多大？,https://www.zhihu.com/question/391224559/answer/1203459296,凌楚眠,181943,2020/5/6 11:02,2020/5/6 16:05,57,1088,这个问题在我的是time line上反复刷出来很多次，忍不住点开看，想说点什么，又不想回答。准确来说，是不敢回答。只有直面过死亡，才能切身理解死亡的恐怖。只有亲历过疫情，才能深刻感受疫情的惨烈。作为在武汉一线呆了55天的麻醉医生，我能从内心理解这位可敬的美国医务工作者，知道她内心无比沉重的压力和血淋淋的创伤---这些压力与创伤，在某个腥风血雨而暗无天日的时间节点，达到了致死剂量。除了惋惜，由感同身受的同理心引发出的惋惜，我似乎组织不出什么其他语言了。不是没有话想说，而是组织语言重溯记忆本身，就是不断加强往日惨烈景象之回忆；这让我难过、不适，心情低落。我能做的，是告诉大家，我们不是说说笑笑就抑制新冠疫情的，我们付出了惨痛的代价。而现在，海外医务工作者与亿万人民，正在经历更为惨烈的战斗与死亡。也许我能做的是剖开那些记忆中的惨烈景象给大家看，做一尊警世的明钟。疫情期间我写下了回忆录，摘取几段放在这里吧。盐选专栏重夺武汉心跳：一线麻醉医生的抗疫全纪实作者 凌楚眠会员专享¥19.90去查看摘自章节10《插管医生的绝望：40名插管病人，死亡过半》呆在这里的日子越来越长，我们来时内心充盈的喜悦不见了。取而代之的，是无限的悲怆和失落。这一切，来自于插管后的随访统计。统计汇总工作交给了队里几个细心的小姑娘，她们每日坐在电脑前忙碌，面色越来越凝重。我们进行插管的病人，死亡率太恐怖了。入场第一日，查看病人23例，实际插管17例，次日死亡4例。入场约10日时，插管40余人，死亡人数已经过半。那些氧饱和度只有四十几、五十几的病人，插管后常有短暂的氧饱上升期，就像从天而降的运粮队出现在饥荒的中心，带给机体瞬间的振奋---已经残喘太久的肺脏被高纯度的氧气抚慰着，但时隔不久还是颓然倾覆---肺炎把正常的生理结构破坏殆尽，氧气始终无法交换到血液里。这些病人常在我们离开时各项指标喜人，可大多挺不过6个小时，氧饱和度又掉到谷底，在徒劳挣扎一段时间后，溘然长逝。对我们露出孩子般笑容的黄老爷子，没能挺过30个小时。那位46岁，努力保有尊严的中年男病人，在和新冠病毒继续战斗3天后，去世了。当随访的结果越来越多，我们绝望地发现，好像我们插管的危重病人，都逃不过迅速死亡的命运。第一天那些喜悦，那些自以为是的满足感和成就感，变成了如今巨大的讽刺---我们的努力并没有太大意义，仅仅是让病人在睡梦间得到些许“人道关怀”，以一种较为舒服的状态，迎接晚到十几个小时的终点--死亡。一种巨大的挫败感在队员间蔓延。•••医务人员们就像挑战者号航天飞船发射现场的工程师，绝望地看着零件脱落撞破燃料罐，徒劳地发出救援指令，但这架庞大的飞船仍一点点被连锁爆炸淹没，他们只能眼睁睁地看着宇航员，变成空中刺目的烟花。在这些迅速陨落的病人中，有几例让我印象深刻。第一位是39岁的微胖女性，她带着四川口音，有着川妹子的泼辣；当我们给她做臭氧治疗时，她极为配合，一直询问我们这玩意儿是否有效。得到我们肯定的回答（我承认存在安慰的成分）后，她的眼睛笑成了月亮湾；看到我们带着手机，还强烈要求与我们合照--“我生病皮肤不好，开美颜！”治疗当天她氧饱和度回升，睡眠也很有好转，我们都以为她会慢慢康复。毕竟，能跟我们笑着开玩笑的乐观病人，一般预后都不错。我们错了。第二天半夜，她突然呼吸窘迫，第三天中午支撑不下去急诊插管，第四天的零点，她走了。那一双笑眼，绚烂如烟火。第二组病人，是一对丈人女婿。老丈人70多了，上着无创面罩，情况不好；女婿也近50岁，还能下床走动，我们给老人插管时，还是他签的字。签罢他朝我们双手合十致意，我们羞赧地应了下，开始插管。16个小时后，老人过世。四天后，插管汇总表上多了这位女婿的名字。随访到第三天，他的最终状态栏，变成了“死亡”。我不清楚这个武汉家庭其他亲属的情况，但我仍愿意想象，农历鼠年的团年饭上，这家人是祥和的，幸福的。第三个病人的眼神，我至今回想起来仍然不寒而栗。当我们来到这位“孤老”的病床旁，窗外阳光普照。我们刚从护士那听说，老人年前老伴脑梗发作过世，前几天，他唯一的儿子也感染新冠肺炎死亡。这个家里，就他一个了。他的眼神里空无一物，眸子仿佛聚焦在极远处。他虽然人还颇为整洁地躺坐在阳光明媚的病房里，但魂魄都聚不拢了。就像一枚鸡蛋，外面只有淡淡几条裂隙，里面早被摇散黄了。限于住院后压抑的氛围，以及对未知病症的恐慌，一般的病人在医疗操作时都是高度紧张的，但当我靠近时，他看向我的目光里全无求生的欲望，仿佛万古不化的坚冰，让我透心地寒冷。可能对他来说，静静地等待死亡，才是种解脱吧。好在病房帮我们搞定了签字，我们不用和病人做更多的沟通。我们操作时，他逆来顺受而无动于衷，仿佛这条命，不是他的。两天后，他过世了。那几天我们回到酒店，都难以入睡。红色的“死亡”二字不断出现在我的梦魇里，我深刻感受到了疾病更加恐怖的力量：它让你恐惧，让你抑郁，它能剥夺医者所有的尊严和自信，它在你面前狞笑着，带走你的病人。而你几乎毫无办法。我曾向六角亭医院的朋友求助，他告诉我，这属于ASD(急性应激障碍)。可能这也是麻醉医生的通病吧---常居手术室，总是在短暂的时间窗口内接触陌生病人，很少建立情感连接，普遍心理的承受能力偏低。我们好像并不具备病房医生们千锤百炼的强大内心，看着眼前的患者在极长的时间线里挣扎求生，一步一步被病痛侵蚀，直至最后屈服于死亡。那种理智判断生存期限，轻描淡写让阴影消散的能力，我们还没练就。看着病人的生命，如烟花般刹那绽放光华，然后快速凋谢于黑夜；我们默然无语，内心刺痛。摘自章节13《没有一个冬天不可逾越，没有一次牺牲改被忘却》龙哥是名出色的外科男护，人高马大，也风趣幽默。我读研时在科室值班，龙哥经常和我对班，漫长的夜里，龙哥总会开些略显粗鄙的带颜色笑话。这个北方汉子看着大大咧咧，在护理病人时却尽心尽力，有着和外表形成反差的耐心和细致。在我的印象里，他是唯一一个能把轮椅上的病人衣帽整好、毛毯盖好后，连人带轮椅提溜上5层台阶的护士。这个坚强、吊儿郎当的壮汉，那天却崩溃了。龙哥在2月中旬被调往协和西院的重症病房支援，平时我们虽然同在一栋楼里，却没有碰过面。那天，相熟的朋友告诉我，龙哥在隔离病房里情绪崩溃，被三个女同事驾出了污染区。我立刻在微信上询问他龙哥的安危，在风雨晦暗的疫情期间，太多医护人员的心被悲伤与绝望撞碎；我担心，曾经那么开朗的龙哥会不会罹患急性应急障碍；到底是怎样的绝望让如此坚毅的龙哥哭得歇斯底里。朋友告诉我，龙哥目前现状还好，在污染区内没有高危暴露，目前他暂时退下来休息。我害怕短时间内联系他会造成进一步的刺激，因此等到接近一周后，才在微信上与他详谈一番。原来那天，龙哥连续进行了三次遗体料理。他工作的重症病房收治的是最危重的新冠肺炎病人，这里有着最高级的生命支持设备，成堆的设备围绕着六张病床。他所在的护理班组负责病房一条边的三张床，那几天，这三位病人在72小时内相继死亡。仿佛是死神的玩笑，三人都在龙哥的班上逝世。龙哥后来跟我详细讲述了遗体料理的流程：急诊抢救、胸外按压无效后，值班医生宣布临床死亡；管床的护士会尽量整理死者遗容，将身上粗粗细细十几根管子拔除移走，妥善缝合身上的伤口，尽量扣好病号服的扣子——这几个步骤只有在其他病人情况不紧急的时候才能从容施行，龙哥处理的那几位病人由于人手不够，只能匆匆整理。这之后，护士用两层床单裹好病人，并浸入消毒剂中（浸泡包裹），最外还要加两层尸体打包袋；在进行打包的每个步骤时，尸袋的每一寸都要喷洒消毒液——即使人已经过世了，新冠病毒仍具有极强的传染性。这些处理步骤极耗体力，两三个人做仍然会气喘吁吁。而这个过程中，和已经渐渐冷下来出现尸僵的遗体打交道，无论如何都是一件不好受的事情；进行遗体料理的护士，身体与心理在遭受严酷的双重折磨。龙哥是个热心的人，他会详细记住每个病人的病史和相关信息，平时不断和清醒的病人唠嗑拉家常；平时家属有个什么需要带的话或者捎的东西，龙哥都会妥善带到。医疗行业的人都知道，和病人建立情感链接是有“风险”的；在生死无常的医院，你交的这个“朋友”可能很快逝去；正常人的悲喜，在医院中会无限向悲的那一端倾斜；而如果把工作中涛涛涌来的“悲”无节制地照单全收，医务工作者很快就会出现心理上的创伤。所以，上班时间长了，医护们常常选择给柔软的内心套上一层坚硬的外壳，不去接收那些哀伤的情感，也不去回想那些惨痛的经历——这就是所谓的“看淡”了吧。逝去的这三位病人，都是龙哥的“朋友”。在他们卧床的这段时间里，家属无法陪同，无法探视，能够说的上话的只有医护人员；龙哥这位热心肠的护士陪他们聊天，给他们擦背、处理大小便、打针、更换药液，让他们在人生的最后一段光阴里不至于太寂寞。而龙哥，也在无奈地见证着：一个能说话、意识清楚的病人推进来，慢慢衰竭后进行气管插管，在意识模糊间施行高级生命支持；短期内有起色，但仍难以维持，最终在某个值班医生冷下来的目光中走向死亡；被匆匆“打包”后，装入略显拥挤的灵车中，开往殡仪馆火化。这样剜心般的遭遇，在龙哥身上重复了三次。终于，在料理最后一名病人时，他承受不住了。这个人高马大的汉子涕泗横流，哭得像个孩子。我们知道他没有“看淡”，因而，他伤的好重。龙哥最终还是走出来了。休息十天后，他继续回到原来的病房支援，在继续工作13天后，他顺利撤下一线。新冠疫情中的悲伤太浓，如果没有足够的心理干预，医务人员极易进入“耗竭”的状态。如果说病人的逝去会让我们伤怀，那么亲人染病、逝世就是心里永远滴血的伤口。最后，希望世界疫情尽快过去，作为人类，我们已经失去太多了。作为武汉疫情一线医生，也作为麻醉插管突击队成员，我目睹了这座城里的那些惨烈与悲悯。春暖花开，武汉复苏。谨把我的故事写下来，不忘那些人、那些事、那些苦难中的坚韧，和人性的光芒。盐选专栏重夺武汉心跳：一线麻醉医生的抗疫全纪实作者 凌楚眠会员专享¥19.90去查看
220800023,纽约一急诊科主任自杀，因不忍频繁目睹感染患者过世，美国医护人员压力有多大？,https://www.zhihu.com/question/391224559/answer/1189401684,咖啡味的医学生,165,2020/4/29 21:46,2021/4/27 23:43,126,4650,更新：最近又出现本土新增了，老师又紧急出发了。今天，我们呼吸内科终于开课了。我们学校呼吸内科副主任作为某省第一批支援武汉的专家组，在武汉奋战了六十余天，回家后不到半个月就开始给我们上课了，他跟我们说：“孩子们，我说话声音小，太累了，你们不要介意。”别的什么话都没有说。当时在屏幕前就泪目了，就算这样，老师依然坚持给我们讲了两堂课，一个半小时，最后告诉我们：“孩子们，我们老了，下一次再出事可能就要你们上了，你们要学好知识，做好保护，我们很欣慰，看到年轻的一代充满干劲儿，我相信你们，我们明天再见。老师没有跟我们讲具体的细节，但我想，他一定经历了很多很多，但是他知道，这样一个能把和他一样的无数专家从几千公里外组织到武汉的国家是不会被击垮的，他们心中有希望。希望，是我们这个时代像钻石一样珍贵的东西。
220800024,纽约一急诊科主任自杀，因不忍频繁目睹感染患者过世，美国医护人员压力有多大？,https://www.zhihu.com/question/391224559/answer/1189526161,特洛诺米,19897,2020/4/29 22:43,2020/4/29 22:45,31,773,很多知乎er看到纽约医生自杀的消息，开始担心我国疫情早期医护人员心里健康问题了，希望国家予以保障。可见，如果靠网友治国，黄花菜早就凉了。我国在早在1月26日就部署了针对疫情波及人员的心里干预工作。联防联控工作机制：将心理危机干预纳入疫情防控整体部署m.yicai.com/news/100481934.html……三、医护及相关人员心态：过度疲劳和紧张，甚至耗竭，焦虑不安、失眠、抑郁、悲伤、委屈、无助、压抑、面对患者死亡挫败或自责。担心被感染、担心家人、害怕家人担心自己。过度亢奋，拒绝合理的休息，不能很好地保证自己的健康等。干预措施：1.参与救援前进行心理危机干预培训，了解应激反应，学习应对应激、调控情绪的方法。进行预防性晤谈，公开讨论内心感受；支持和安慰；资源动员；帮助当事人在心理上对应激有所准备。2.消除一线医务工作者的后顾之忧，安排专人进行后勤保障，隔离区工作人员尽量每月轮换一次。3.合理排班，安排适宜的放松和休息，保证充分的睡眠和饮食。尽量安排定点医院一线人员在医院附近住宿。4.在可能的情况下尽量保持与家人和外界联络、交流。5.如出现失眠、情绪低落、焦虑时，可寻求专业的心理危机干预或心理健康服务，可拨打心理援助热线或进行线上心理服务，有条件的地区可进行面对面心理危机干预。持续2周不缓解且影响工作者，需由精神科进行评估诊治。6.如已发生应激症状，应当及时调整工作岗位，寻求专业人员帮助。原则：定时轮岗，自我调节，有问题寻求帮助。…………四、组建队伍（一）心理救援医疗队。可单独组队或者与综合医疗队混合编队。人员以精神科医生为主，可有临床心理工作人员和精神科护士参加。有心理危机干预经验的人员优先入选。单独组队时，配队长1名，指派1名联络员，负责团队后勤保障和与各方面联系。（二）心理援助热线队伍。以接受过心理热线培训的心理健康工作者和有突发公共事件心理危机干预经验的志愿者为主。在上岗之前，应当接受新型冠状病毒感染的肺炎疫情应对心理援助培训，并组织专家对热线人员提供督导。……
220800025,纽约一急诊科主任自杀，因不忍频繁目睹感染患者过世，美国医护人员压力有多大？,https://www.zhihu.com/question/391224559/answer/1194170172,大鱼不吃小鱼,23980,2020/5/2 3:06,2020/5/2 3:06,26,618,你别说一个天天毫无办法只能眼睁睁看着大量的人死掉的医生。我就跟你说说此次疫情中国的一个最普通的社区里的志愿者的心理压力。早上或者叫凌晨四点，需要保障的几个小区的物资配送车到了。需要马上起来按照头一天的单子给各个小区里的住户分配，挑拣，然后想办法在10点之前全部送完。途中，遇见想出去看病的病人（非新冠），需要联系医院和上级，看哪个医院能接患者，然后怎么保障往返的路途不出事。安排好，然后看见有人偷偷摸摸出去溜达，上前劝导理论，溜达者振振有词，说整个区都没有一个病例，我出门溜达一下怎么了，又不出小区。纠缠一番，到了中午，接到上面电话，说有人投诉，说配送的菜有烂的，有不对的，有送错的，有价钱贵的。因为是志愿者，上面不会怎么说重话，只是让以后小心别弄错了，价钱方面不用去管他。到了中午靠后一点儿，吃饭。吃到一半接到一个电话，说一个独居的老人，煤气灶打不着了，又不能出去，只好打电话求助。没办法，水平不行，修不好，无果，只好跑到另一个小区借一个电磁炉先让他凑活着用。下午，统计明天需要配送的物资，查看管控不严的那个小区的后门，让看大门的多加注意，别让人跑出来。然后上报配送单子和情况简报。让上面联系配送点，上面给个电话，让直接给配送人员联系。这时候就到天黑了。吃完晚饭，去巡逻一遍，还有个好听的名词，叫常态化巡逻，一天巡几遍。巡完一般都要八点半还多了。赶上值夜班的说临时有事，要顶一夜，换一轮班。夜里事情就少了，就是熬时间。看上去这些事情都很小，很琐碎，没什么大不了的，可架不住天天这样。前几天根本没有事儿，可时间一长，各种问题都来了。你实在难以想象，一兜几斤的菜都能把人给累得动都不想动。结果，越是累，晚上越是睡不着，睁着眼睡不着，结果第二天精神萎靡。如此反复下去，天天和那些人隔着门磨着毫无意义的嘴皮子。说着菜新鲜不新鲜，肉贵不贵，斤两足不足，谁谁又偷偷出去溜达了，这些根本没有任何实质意义的话。于是心里烦躁的很。一烦躁，就不想干，不但不想干，还不想吃饭，睡觉。看谁都不顺眼，总觉得下一眼他就要给自己找麻烦。这还只是一个只负责外围维护秩序的志愿者的情况，更别说那些只能束手无策看着大量的人在自己面前死去的一线医生。而且不止他一个人压力大，武汉的医生也是这样，许多医生只能找个没人的地方偷偷的哭一会儿。这不都上新闻了吗。心理压力太大的时候，人是会崩溃的，崩溃了，有的人会撒手撂挑子不干，有的人会蒙着头更加硬上，有的人就会想不开走极端，选择一死了之。那你能怎么办呢，人真到想不开的时候，真有人选择一死了之，谁也没有办法。而让一线的人不至于走到压力太大想不开这一步，是上面领导的责任。领导一项最大的责任，就是安抚手下人，让手下人不至于因为心理压力太大而寻短见。武汉的医生，眼见着死人而没有办法的也不少，也没见谁因为这个自杀啊。只能说，他上面没有一个合格的领导。
220800026,纽约一急诊科主任自杀，因不忍频繁目睹感染患者过世，美国医护人员压力有多大？,https://www.zhihu.com/question/391224559/answer/1191018847,Zpuzzle,362357,2020/4/30 15:37,2020/4/30 15:37,9,301,这个事的关键还是医疗系统被击穿。医疗系统被击穿，是一个连锁反应。它所带来的不仅是医疗资源的匮乏，还有一种“孤立无援”的绝望感。设想一下，同样两支弹尽粮绝的部队在作战，如果你告诉其中一支部队“援兵离你还有30公里”，告诉另一支部队“援兵不会来了”。那么，前一支部队基本上是不会投降的，但后一支部队就会有很大概率投降，甚至士兵会在阵地失守之前就自杀。中国的疫情虽然严重，但是从上到下所有人都在为医护人员鼓劲加油，全国各地的物资也在源源不断地运往湖北。与此同时，各个省市都在派出医疗队支援湖北，在中后期医疗队之间的轮换休整也有条不紊。而这不仅是在救病人，也是在救医生。我举个例子，前段时间我采访了京东互联网医院的一名医生，他也是江苏援鄂医疗队的成员。他是在2月9日看到了江苏省组织新一批医疗队的通知，随后他就报名参加了医疗队，在2月10日达到了武汉的华中科大同济医院光谷院区。第二天，他就正式投入了工作。这位医生是党员，根据党组织的决议，他们接管了光谷院区的重症和危重症病房。这是整个医院里最危险的病区。但在医院里，他每天工作8个小时，超出时间必须要休息。而作为京东互联网医院的医生，在不工作的时间里，他还挤出时间在网上回复患者的咨询。在这种状态下，虽然他面临着比较大的危险，但一方面身体不会被累垮，另一方面也能看到网友们对医生的鼓励。另外值得一提的是，因为当时国内的医疗资源已经逐渐恢复，所以重症病房的设备相对比较充足。这位医生在病房里每天的主要工作是记录、观察，并根据病人的情况制定下一步方案。虽然病房里的重症病人很多都比较严重，但因为资源充足，这个病房里50多个重症病人最后全部被抢救过来，无一死亡。这个医生说这些话的时候，那种自豪感是溢于言表的。把这个事往大一点说，其实不只是传染病，在地震、火山、洪水、海啸等自然灾难的救援中，救援人员、记者、受灾民众都是非常容易出现心理问题的。在这个时候，最好的处理方式就是最大可能地调动全国的力量，以最短的时间完成救援和灾后重建，把灾情对人的影响降到最小。正如上面所说，这种做法的优点有这么几个：第一，它可以调动最多的资源，为救援人员提供物资保障，防止他们因为物资短缺而陷入恐慌和绝望（比如在新冠疫情中，一个医生眼睁睁地看着病人因为没有药而死，那种心情是非常难受的）；第二，这种方法可以让救援人员得到充分的休息，必要时通过轮换的方式让救援人员进行修整，最大程度避免他们长时间接触负面信息（比如说一个救援队如果在灾难中看到了很多尸体，有些队员是很难承受住这样的心理压力的。所以，有些时候当一个救援队完成了固定的救援任务后，上级部门会让他们暂时休整一段时间）第三，尽快结束救援可以及时改变受灾民众的心理状态，并对社会、国家充满信心，具备生活下去的希望；第四，大规模的灾后重建可以比较快地抹去灾害给人带来的刺激。在某种意义上，这跟开始一段新感情来修复旧感情的原理是一样的。在过去几个月里，我们都看到了中国是把救人放在第一位的，而很多欧美国家想得是压平增长曲线、以时间换空间，尽力维持防疫跟经济运行的平衡。虽然或许由于国情不同，我们并不能说他们的选择就一定错误，但是有一点是可以肯定的，那就是当确诊人数逼近医疗系统的极限时，拖得时间越长，对医护人员的心理影响也就越大。话说回来，最近这几个月疫情对经济的影响我也是看的到的。我身边的不少人就因为公司经营出现了问题而被裁员或者停薪留职，好一点的是半薪或者发基本工资。我还有认识的朋友是做旅游的，他们从疫情防控的第一天就彻底失业了。但不管怎么说，目前大家都能活下去，而且对于未来的工作和经济大家也都还有信心。随着今后一段时间经济慢慢恢复，大多数人应该都会再有工作。前段时间我在参加一个精神卫生领域的报告会报道的时候，专家们就提到公共精神卫生问题是各种社会灾难中非常严重的“次生灾害”。简单一点说就是，任何一种灾难对社会的冲击可以分成两个方面，那些因灾难而死的人是水面之上的冰山，但更多的人会因为灾难而受到精神上的影响。公共精神方面的影响很难用数字去评估和量化，但这种影响却是跟随着每个人的，很多人甚至到几年之后，也仍然不能走出来。其实，现在回过头来看，不讨论武汉政府初期的应对失策，仅从中央层面来说，“不惜一切代价拯救人民群众的生命”的要求，的的确确让我们付出了至少13%以上的经济损失（预期增量+下跌），但我们所付出的主要代价也只是经济。而许多国家想疫情防控和经济运行并重，最终导致的结果是把整个疫情防控的周期拉得特别长，并且医疗系统也一直处在高负载的状态。也许最终他们的经济不会有太大的下降，但在经济之外的代价却会让医护人员和普通人来承受。在这意义上说，“早检测、早发现、早治疗”，这简单的九个字不仅是在救新冠肺炎患者的命，其实也是在最大程度上拯救整个社会和国家的信心。也许，到今天，我们可能会有更多的人明白《流浪地球》里的那句“希望是比钻石还要珍贵的东西”到底是什么意思。
220800027,纽约一急诊科主任自杀，因不忍频繁目睹感染患者过世，美国医护人员压力有多大？,https://www.zhihu.com/question/391224559/answer/1190077810,小豆豆,54942,2020/4/30 8:49,2020/4/30 8:49,57,496,能混到急诊科主任的人，什么场面没有见过？病死的人见得多了。你要是说他单纯看到患者去世，就精神崩溃，选择自杀，这显然说不过去。很多答主说是绝望和巨大的压力导致的。这一点倒是认同。归根到底，是身处一线，看不到疫情遏制的希望，不知道什么时候是个尽头，虽然每天收治病人，但是他们比什么人都清楚，他的救治杯水车薪而已，不能做到应收尽收，救治还有什么意义？你在这里费尽心机，脚不沾地，好不容易救活一个人，而在医院外面，在你救治的这段时间，又不知道几千几万人感染了，更不知道多少人转化成了重诊，你绝望不绝望？说到底，还是失败主义情绪蔓延的问题啊。我没想要调侃这位医生的心思。不过...本狗头军师有一计，可以解决这个问题。战士上战场，怎么能有失败主义情绪呢。建议所有美国的医护人员，每天强制送去看八个小时电视，电视的内容，必须积极健康向上，只需播放首席医疗专家特朗普总统的记者会即可。而后医院里设置广播，二十四小时轮播特朗普总统关于新冠状病的讲话精神。相信这对广大医护工作者们，带来巨大的精神鼓舞。
220800028,纽约一急诊科主任自杀，因不忍频繁目睹感染患者过世，美国医护人员压力有多大？,https://www.zhihu.com/question/391224559/answer/1190787960,也说,134822,2020/4/30 13:55,2020/5/4 12:39,7,305,用小说的方式带大家想象一下：人人都知道，在“希望国”有两个职业的收入最高——律师和医生。当然，所有人都讨厌律师，但大家都尊敬医生，所以你从小就选择了成为一名医生。在父母的帮助下念完六年昂贵的医学院，又熬过最难的实习期，你终于成为了正式医生。虽然是一名急诊科的普通医生，但每天能开开心心的工作，偶尔加班，但大多时候可以按时回家亲吻自己的孩子，陪伴自己的母亲，逛逛街，买点喜欢吃的东西，看一场电影。虽然每天也要面对一些意外——比如在家玩抢走火射到自己的傻瓜，偶尔也会遇到一两个最后没能抢救过来的患者，但医生的生活就是这样，不错的薪水已经包含了这些压力。忽然有一天，没有任何征兆的，世界变了。你要开始每天加班1小时，然后是2小时...3小时...没有抱怨，因为你知道这次不是医院的领导太混蛋——他每天同样要工作12个小时以上——是这个城市的人们需要你们，而你无法拒绝，从医学院毕业那天你就发过誓言的。工作时间里，你不再有空闲可以和同事聊聊天，刷手机，喝咖啡，不止是因为工作量是以前的几倍，而且每个人都穿着厚厚的防护，甚至上厕所也能用纸尿裤解决，这几天大腿上的湿疹可以证明。即使这样，你依然不知道自己是否安全，因为几乎每天都会听说某个认识的同事倒下去，有的再也无法见到。偶尔路过的同事们不再和你谈笑，透过布满雾气的护目镜，能看到他们眼窝深陷神色紧张，鼻梁和面颊上是松紧带勒出的深痕，你只能微微点头鼓励对方，但显然没什么效果。你知道自己脸色一定同样难看。你的工作不但危险，肮脏，劳累，而且每时每刻要决定别人的生死，不是像以前那样帮助他们活下去，而是判断谁要被放弃，去等死。你几乎每天都会见到那些和蔼的老人无助的望着你，你也想告诉他们一些好消息，但只能麻木的做完自己的工作，把他们留在床上，因为医疗物资早已经不够。对那些明显年龄偏大的老人，替代药给他们的只有一支笔，让他们写下给亲人的话语。不单是老人，患者中间也有年轻人、父母、儿童，他们痛苦的挣扎着渴望呼吸，一个平时最简单的动作，如今却需要竭尽全力，你只能选择那些看似机会最多的人来分配呼吸机。因为防护服的关系，工作中连喝水和吃饭这种平时最简单的享受也变成了奢求。只能一天两餐，一次在早晨6点，另一次在12个小时之后。你尽量少喝水以减少排尿，偶尔舔舔干裂的嘴唇，虽然专业知识告诉你这个动作也很危险。晚上了，终于到了下班的时间，疲惫的回到更衣室，小心接触的一层层脱下防护服。扔掉该死的尿垫，一遍遍用消毒凝胶洗手，在沐浴喷头下冲洗自己。你在热水下拍拍自己的脸颊，下意识的张嘴接水漱口。忽然意识到这动作同样危险，头发上看不到的病毒可能借此进入口腔黏膜。“去他的吧，要是这样死了也是种解脱。”你无声的咒骂，不再去想那该死的几率。回到休息室麻木的吃掉一份食物，你看到脚边胡乱铺着的几个睡袋。知道那些是值班医生的床铺，比起他们你还是幸运的，你今天可以回家。走向停车场的路上，听到旁边停着的一排排货柜车发出嗡嗡的制冷声响，你尽量让自己不去想那里面是堆满的尸体，停尸房早已经不够用。汽车发动了，你尽量打起精神驾驶，还好路上已经没什么车。偶尔看到几个不戴口罩举着标语的人，好像在要求去海滩和酒吧的权利。”该死！“无声咒骂消失在嘴唇里，你连骂人的力气都已经没有了。“还好，马上就能看到我的孩子了。”你这样想着。回到家里，没有以前孩子和狗热情迎接的场面，为了孩子安全已经1个月前她已经被送到外婆家去了。你打开IPAD，透过屏幕看着远方孩子的笑脸，听着她抱怨周末的舞蹈课取消了，学校还没开学的迹象，以及对同学的想念。你尽量让自己的脸在灯光下看起来不那么苍白，轻轻拉紧嘴角挤一个笑容，告诉她一切都会好起来的。外婆走入镜头将小家伙哄上楼，面色严肃的告诉你住她旁边的邻居老杰克今天走了，来了一辆救护车，两个穿着防护服的人抬了一个黑塑胶袋上车，她没敢去问是什么原因。你尽量放松自己的表情，告诉她不用太担心，记得最近锁好狗不要让女儿去院子玩，去超市的话记得戴口罩，买不到医用的就用纱布在棉口罩里多垫几层，或许会有些用。关上Pad打开电视，所有的频道都在报道疫情消息，100万。这个最新数字让人已经有点麻木了，如果明天看到300万或1000万的数字你觉得自己可能也不会更恐慌，因为情绪的底线早已经被击穿。电视中几个主持人和政客正在互相攻击大放厥词，说一些失职、就业、原油价格之类的东西，你觉得那离你很远，随手按了遥控器关上电视，蜷缩在沙发上只想睡个好觉。但连续几天过于紧张的情绪反而让你无法安睡，一直浅浅的做着梦又在下一分钟惊醒，手机震动了一下，你勉强睁眼，是夜班的同事告诉你又一个医生倒下了，问你明天能否替一个夜班。窗外传来深夜救护车的声音，你扔下手机，在茶几上胡乱翻找，摸到了那瓶安眠药物，倒出几片咀嚼咽下，虽然你医生的专业提醒你有些过量了。“管他呢”你想。对比这点药物对身体的伤害，一个好觉对眼前来说显然更重要。等着药起效的时间，你微眯着眼看着桌上的瓶子，仿佛思考是否把剩下的药片也都吃下。“永恒而安逸的睡眠或许也不是个坏主意。”但下一秒，又想到了女儿的笑容。算了，不是今天。这该死的世界。你不知道你自己还能坚持多久。这夜漫漫无期，看不到终点。感谢我们在一个伟大的祖国，感谢她母亲一样的守护。为所有国家一线的医护人员致敬。希望全世界疫情早点过去。
220800029,纽约一急诊科主任自杀，因不忍频繁目睹感染患者过世，美国医护人员压力有多大？,https://www.zhihu.com/question/391224559/answer/1189130662,北落师门,758,2020/4/29 19:31,2020/4/29 19:31,22,308,注意一下她是在休息过程中自杀的，这应该是PTSD。换句话说，如果她不休息可能还没事，让她休息，看似是好意，反而促进了她的心理崩溃。在汶川地震时，大概半年间有一波自杀小高峰，现在也能找到相关新闻。前段时间意大利有医护人员也是在休息过程中自杀的。外界压力最大的时候，手上做着事的时候，要么是还没缓过神来，要么是感觉自己一直在努力对抗，但一旦停下来，一旦开始有时间反思刚刚发生了什么事，之前积累的压力可能就会突然爆发。在之前意大利的回答里也有人提到了这点。https://www.zhihu.com/question/381133750/answer/1095130225
220800030,纽约一急诊科主任自杀，因不忍频繁目睹感染患者过世，美国医护人员压力有多大？,https://www.zhihu.com/question/391224559/answer/1189464170,知乎用户,7110,2020/4/29 22:14,2020/4/29 22:14,43,1115,医生在一线最怕的不是“冲锋”，而是“这场仗看不到终点”。漫漫看不到终点多个消息让疫情有 长期存在，且恶化的可能1瑞德西韦并非“神药”“人民的希望”——抗病毒药物瑞德西韦原本被寄予厚望，而目前的效果并不理想。疗效从目前的消息来看，无法满足人们期待、且可能有药物副作用引用@dhchen之前回答中的一句话：国内瑞德西韦的实验做得效果很一般就该知道这东西是什么水平了如何看待美股吉利德科学盘中大跌、暂停交易，报道称瑞德西韦在第一次试验中失败？2不完全的隔离使得疫情几乎不能得到快速遏制据路透社美国亚特兰大4月21日消息，美国6个州的州长当地时间21日推进了重新开放部分商业活动的计划，尽管一些卫生官员警告，这样做可能导致新冠肺炎病例再次激增。[1]参考消息：美国部分州“有限重启”经济 遭质疑为时尚早3疫苗研发遥遥无期，结果不明朗4每日增长依旧快速，达到检测上限@chenqin的回答中，很令人信服、直白且悲观的结论：由于美国的防控水平仍然较低，确诊数占感染数的比例还不够高，实际感染数还会继续上升。如果按照当初对湖北做过的类似计算，我们可以给出一个判断：如果美国在接下来一段时间无法达到每日新增10万确诊的水平，那疫情是不会好转的。美国现在的疫情发展到什么程度了？以下是一个年轻外科医生写的黄晨：黄晨的内容索引参考^美国部分州“有限重启”经济 遭质疑为时尚早 http://www.cankaoxiaoxi.com/world/20200423/2408320.shtml
220800031,纽约一急诊科主任自杀，因不忍频繁目睹感染患者过世，美国医护人员压力有多大？,https://www.zhihu.com/question/391224559/answer/1189953896,杨彦,4,2020/4/30 7:08,2020/4/30 7:08,8,272,她是一个伟大的医生，可惜她的国家配不上她的伟大
220800032,经过这次疫情能否改善医患关系？,https://www.zhihu.com/question/368712289/answer/1095695734,匿名用户,0,2020/3/22 7:20,2020/3/22 9:38,0,2,不会！这些天在急诊观察室，遇到了患者家属自己不肯为老爷子选择透析，老爷子状况越来越差最后濒临死亡。老爷子八十多岁，本市人，有医保，但是入院的时候，已经神志不清，还有心功能不全，肺部感染，脑梗，肾功能不全等等，总之诊断多到打不完。入院询问病史，家属对老人肾脏的问题答的支支吾吾，但事实是老人经检查肾功能很差，但是并没有服用改善肾脏功能的药物，肾内科会诊建议透析，家属拒绝。前天老爷子病情加重，鼻导管吸氧血氧掉到百分之七十，因为家属已经放弃了有创抢救，所以建议患者行呼吸机辅助通气，但是面罩是自费的。家属同意去买，但是买回来安装上五分钟，因为老爷子状态很差和呼吸机配合的不好，血氧没有上升。然后，这个患者的女儿，跑来医生办公室大声质问医生。你们采取的办法靠不靠谱，让我去买面罩，花了钱但是一点都没好转。还有我老爷子入院的时候好好的，到医院以后越来越差。你们反正是没能力治好我爸诸如此类的。态度咄咄逼人，越说越起劲，就差直接说，我爸好好的，进医院越来越差，所以是你们给害的。我年资小，作为观战但是内心气的发抖的人反驳了两句，换来的就是 有你们这么和客人说话的吗？你们不就是靠我们这群病人养着的吗？你想和我吵架吗？最后临走前上海话说了句赤佬。但是实际情况呢？我们不是大罗神仙，老人入院情况差到这种程度，我们也震惊。一个肾脏功能很差的人，治疗起来本身就诸多限制，更别说他心脑肺还各有问题。然而，他们自己选择了不做透析。他父亲入院医药费也就两三万，且有城市居民医保报销。自费买个几百块的氧气面罩没有立刻见效，立刻跑来质问指责医生。虽然最后她爹还是走了，但是她骂完医生回到病房他爹的血氧就上到八十多了。很多人遇到医患矛盾，特别喜欢说，对患者心理疏导能从源头减少矛盾。但实际上复杂的多。对医生来说，很多时候我们能答到的效果，取决患者及家属的预算和对疾病的改善的期待程度。简单来讲，很多时候，命是需要花钱来续的，但是花钱了续命效果还不一定好。因为这笔经济帐，你就能看到我像我讲的这个家属一样，明明是自己不肯为自己的爹花钱，反过来说我们医生各种治疗没有效果，还趾高气昂。还能看到，开始求你，把你夸得可高贵了，但是钱砸进去人没回来，就杀你的心都有。其他的么，一个简单的问题反反复复来打断你工作询问，不知道出于各种原因你好好说话他各种说，不是讲过吗，不是看过吗，不是开过吗，你们这么落后的吗，五花八门。说多了就容易跑题，总结一下。医生因为职业特殊性，不得不去看人家家里难念的经，因为打医生都没人管，骂医生更没人管了，医生呀在某些医院里真的和小宫女一样，主子不开心打骂你，你还得跪下道歉。我希望不要一有伤医事件就有人站出来说，医生群体也有不好的。根本就是转移焦点。任何一个行业的从业者都不应该为这个行业最坏的人背锅。打个比方就是，你孩子学校有个考不及格的，招生的院校就觉得你孩子全校的水平都不行，一个都不招了，你觉得这个合理吗？医院有些流程不合理，导致患者有抱怨，但是医生没法改变什么。我们让患者自行配药，被各种不理解，而实际上我们已经做过尝试，院内无法调配，患者又亟需要这种药物，所以交待他们门诊挂号购买。但是十个有八个都会嫌弃，啊，这么麻烦吗，医保卡锁了又不能用，要自己挂号掏钱呀。诸如此类，还可以以此类推。唉，一线的医生还得为流程背锅。总之任何让患者不方便的体验，很多时候不是一线医护造成的，也不是一线医护可以改变的，但是怨气是在一线医护身上的。现在医生的地位已经这样了，医护的人身安全尚得不到保障，尊严就更别提了。按我们行业内的话说，虽然你寒窗苦读十年，还要培训好多年，但是真工作起来，什么人都可以怼你，不管你做的对不对，你还得掂量着要不要回嘴，因为回大发了可能人身都不完整了。真被欺负了，上头都是想着息事宁人。这事吧，不能细想，一想真是暗无天日。现实如此残酷，在没有相关法律保护的情况下，我们也只能寄希望于国民素质的提高，至少坏吧也稍微遮遮羞，撒泼也撒得委婉一点。最后希望大家有正确的生死观，然后好好做个人，不要当巨婴和甩锅侠。我觉得现有的医疗制度还凑合吧，穷人也能看上病，还特别有效率。就是医生工作能更有尊严点，工作负担再小点就更好了。
